time,voltage
0.0,0.005641
0.002778,0.010223
0.005556,0.012926
0.008333,-0.029406
0.011111,0.024717
0.013889,0.063228
0.016667,-0.047321
0.019444,-0.049745
0.022222,-0.042702
0.025,0.027991
0.027778,0.006914
0.030556,0.035708
0.033333,0.025335
0.036111,0.010284
0.038889,0.012792
0.041667,-0.000518
0.044444,0.030933
0.047222,-0.028708
0.05,-0.007169
0.052778,0.013078
0.055556,0.060136
0.058333,-0.016537
0.061111,-0.025673
0.063889,-0.009897
0.066667,0.036382
0.069444,0.000556
0.072222,0.047638
0.075,-0.047967
0.077778,0.042366
0.080556,0.039857
0.083333,-0.033448
0.086111,0.014019
0.088889,0.046184
0.091667,0.012649
0.094444,0.040301
0.097222,0.081855
0.1,0.019125
0.102778,0.002794
0.105556,-0.011629
0.108333,0.031241
0.111111,0.006194
0.113889,0.00703
0.116667,0.00953
0.119444,0.032479
0.122222,-0.018712
0.125,-0.032324
0.127778,-0.059151
0.130556,0.050119
0.133333,0.016665
0.136111,0.060047
0.138889,0.014767
0.141667,-0.006938
0.144444,0.029955
0.147222,0.01361
0.15,-0.021429
0.152778,-0.010066
0.155556,0.069778
0.158333,0.027693
0.161111,0.029842
0.163889,0.009342
0.166667,-0.002765
0.169444,0.044964
0.172222,0.015365
0.175,-0.00398
0.177778,0.015061
0.180556,-0.00779
0.183333,0.025377
0.186111,0.053854
0.188889,-0.004798
0.191667,0.063457
0.194444,0.000899
0.197222,0.02587
0.2,-0.003466
0.202778,0.015338
0.205556,0.023834
0.208333,0.009813
0.211111,0.002251
0.213889,0.003535
0.216667,-0.000166
0.219444,-0.021963
0.222222,0.018008
0.225,0.038793
0.227778,0.054992
0.230556,0.048273
0.233333,0.103859
0.236111,0.041159
0.238889,0.01957
0.241667,0.091294
0.244444,0.00586
0.247222,0.068731
0.25,0.013711
0.252778,0.055982
0.255556,-0.010379
0.258333,0.079295
0.261111,0.051549
0.263889,0.031579
0.266667,0.115603
0.269444,0.093163
0.272222,0.076816
0.275,0.058573
0.277778,0.085344
0.280556,0.0876
0.283333,0.120241
0.286111,0.12846
0.288889,0.090475
0.291667,0.099908
0.294444,0.106119
0.297222,0.087022
0.3,0.114822
0.302778,0.134431
0.305556,0.162058
0.308333,0.184491
0.311111,0.123543
0.313889,0.166552
0.316667,0.138196
0.319444,0.214547
0.322222,0.150835
0.325,0.166616
0.327778,0.121989
0.330556,0.123573
0.333333,0.151108
0.336111,0.130098
0.338889,0.148244
0.341667,0.086353
0.344444,0.148243
0.347222,0.09627
0.35,0.169577
0.352778,0.103759
0.355556,0.139778
0.358333,0.059471
0.361111,0.108729
0.363889,0.063903
0.366667,0.070815
0.369444,0.081277
0.372222,0.06642
0.375,0.079555
0.377778,0.090073
0.380556,0.083575
0.383333,0.058051
0.386111,0.016789
0.388889,0.030893
0.391667,0.046811
0.394444,-0.013024
0.397222,0.071416
0.4,0.040142
0.402778,0.038502
0.405556,0.073413
0.408333,0.064107
0.411111,0.049971
0.413889,0.012712
0.416667,0.051586
0.419444,0.05225
0.422222,0.014924
0.425,0.072278
0.427778,0.05547
0.430556,-0.020121
0.433333,0.040448
0.436111,-0.004778
0.438889,0.061527
0.441667,0.043144
0.444444,-0.026006
0.447222,-0.034796
0.45,-0.023673
0.452778,-0.054361
0.455556,-0.022009
0.458333,-0.063765
0.461111,-0.107737
0.463889,-0.087861
0.466667,-0.162802
0.469444,-0.078357
0.472222,-0.034894
0.475,-0.024164
0.477778,0.021572
0.480556,0.146473
0.483333,0.304354
0.486111,0.397648
0.488889,0.526024
0.491667,0.775894
0.494444,0.827963
0.497222,1.001896
0.5,1.000302
0.502778,0.996539
0.505556,0.822073
0.508333,0.716394
0.511111,0.493688
0.513889,0.246633
0.516667,0.077788
0.519444,0.000174
0.522222,-0.043654
0.525,-0.139364
0.527778,-0.17595
0.530556,-0.199314
0.533333,-0.168424
0.536111,-0.165461
0.538889,-0.145929
0.541667,-0.156015
0.544444,-0.060557
0.547222,-0.025222
0.55,-0.077313
0.552778,0.055045
0.555556,0.027744
0.558333,0.007262
0.561111,-0.023235
0.563889,0.062395
0.566667,0.065734
0.569444,0.035668
0.572222,0.003142
0.575,0.093161
0.577778,0.043919
0.580556,0.049356
0.583333,0.150759
0.586111,0.131141
0.588889,0.097911
0.591667,0.057751
0.594444,0.093149
0.597222,0.007623
0.6,0.081825
0.602778,0.058565
0.605556,0.045697
0.608333,0.039867
0.611111,0.106379
0.613889,0.096769
0.616667,0.102544
0.619444,0.126886
0.622222,0.080299
0.625,0.072888
0.627778,0.061148
0.630556,0.109076
0.633333,0.146839
0.636111,0.124664
0.638889,0.153701
0.641667,0.104561
0.644444,0.131646
0.647222,0.128665
0.65,0.120308
0.652778,0.219844
0.655556,0.196103
0.658333,0.154334
0.661111,0.161019
0.663889,0.189247
0.666667,0.154807
0.669444,0.218384
0.672222,0.173846
0.675,0.209039
0.677778,0.196992
0.680556,0.221022
0.683333,0.203254
0.686111,0.203856
0.688889,0.229985
0.691667,0.246567
0.694444,0.266185
0.697222,0.285226
0.7,0.337147
0.702778,0.323946
0.705556,0.300281
0.708333,0.337981
0.711111,0.303912
0.713889,0.376442
0.716667,0.3579
0.719444,0.309176
0.722222,0.380935
0.725,0.391142
0.727778,0.29441
0.730556,0.360751
0.733333,0.377048
0.736111,0.341279
0.738889,0.374738
0.741667,0.385604
0.744444,0.436182
0.747222,0.436438
0.75,0.512125
0.752778,0.426809
0.755556,0.477832
0.758333,0.449419
0.761111,0.458147
0.763889,0.417271
0.766667,0.395787
0.769444,0.430115
0.772222,0.47493
0.775,0.497376
0.777778,0.464716
0.780556,0.45713
0.783333,0.411499
0.786111,0.476101
0.788889,0.462772
0.791667,0.397957
0.794444,0.403026
0.797222,0.364268
0.8,0.427189
0.802778,0.383779
0.805556,0.356651
0.808333,0.359229
0.811111,0.347474
0.813889,0.308963
0.816667,0.271036
0.819444,0.256761
0.822222,0.230219
0.825,0.283489
0.827778,0.323746
0.830556,0.194071
0.833333,0.237414
0.836111,0.234225
0.838889,0.181428
0.841667,0.206633
0.844444,0.157604
0.847222,0.21702
0.85,0.154162
0.852778,0.166469
0.855556,0.175914
0.858333,0.134885
0.861111,0.086879
0.863889,0.117939
0.866667,0.150435
0.869444,0.119062
0.872222,0.122908
0.875,0.078355
0.877778,0.11012
0.880556,0.122978
0.883333,0.097711
0.886111,0.149386
0.888889,0.081273
0.891667,0.051133
0.894444,0.027754
0.897222,0.103195
0.9,0.05697
0.902778,0.0763
0.905556,0.043581
0.908333,0.059239
0.911111,0.026563
0.913889,-0.0457
0.916667,-0.047981
0.919444,-0.041761
0.922222,-0.123278
0.925,-0.046116
0.927778,-0.046601
0.930556,-0.035107
0.933333,-0.038461
0.936111,0.026006
0.938889,0.05492
0.941667,0.189099
0.944444,0.299128
0.947222,0.476238
0.95,0.631036
0.952778,0.820095
0.955556,0.978233
0.958333,0.97389
0.961111,1.03375
0.963889,0.860762
0.966667,0.70732
0.969444,0.583574
0.972222,0.394534
0.975,0.230689
0.977778,0.021417
0.980556,-0.042057
0.983333,-0.113698
0.986111,-0.128132
0.988889,-0.193884
0.991667,-0.181594
0.994444,-0.219389
0.997222,-0.177825
1.0,-0.160562
1.002778,-0.097106
1.005556,-0.117742
1.008333,-0.084209
1.011111,-0.015945
1.013889,0.042469
1.016667,0.018
1.019444,0.029271
1.022222,0.019869
1.025,0.070138
1.027778,0.058772
1.030556,0.098162
1.033333,0.058703
1.036111,0.022354
1.038889,0.03544
1.041667,0.024516
1.044444,0.018204
1.047222,0.095292
1.05,0.083356
1.052778,0.02386
1.055556,0.116489
1.058333,0.072572
1.061111,0.038879
1.063889,0.081695
1.066667,0.070734
1.069444,0.052517
1.072222,0.020485
1.075,0.083146
1.077778,0.094276
1.080556,0.011818
1.083333,0.109718
1.086111,0.115688
1.088889,0.087364
1.091667,0.109331
1.094444,0.102267
1.097222,0.090503
1.1,0.10995
1.102778,0.166639
1.105556,0.088112
1.108333,0.14448
1.111111,0.14881
1.113889,0.128161
1.116667,0.142457
1.119444,0.120096
1.122222,0.143148
1.125,0.175899
1.127778,0.192131
1.130556,0.162384
1.133333,0.288147
1.136111,0.186573
1.138889,0.214826
1.141667,0.211499
1.144444,0.213911
1.147222,0.272496
1.15,0.226723
1.152778,0.288802
1.155556,0.290761
1.158333,0.232923
1.161111,0.303189
1.163889,0.260488
1.166667,0.370007
1.169444,0.284287
1.172222,0.275612
1.175,0.254507
1.177778,0.281058
1.180556,0.310437
1.183333,0.305902
1.186111,0.306923
1.188889,0.33079
1.191667,0.353212
1.194444,0.410495
1.197222,0.323322
1.2,0.365022
1.202778,0.359786
1.205556,0.349394
1.208333,0.36285
1.211111,0.379113
1.213889,0.432631
1.216667,0.409443
1.219444,0.402488
1.222222,0.439487
1.225,0.431175
1.227778,0.416677
1.230556,0.434501
1.233333,0.396647
1.236111,0.437745
1.238889,0.429247
1.241667,0.398075
1.244444,0.367973
1.247222,0.443212
1.25,0.392476
1.252778,0.472277
1.255556,0.351348
1.258333,0.385955
1.261111,0.336065
1.263889,0.344827
1.266667,0.349852
1.269444,0.288122
1.272222,0.296073
1.275,0.290709
1.277778,0.276022
1.280556,0.277275
1.283333,0.277028
1.286111,0.258344
1.288889,0.228565
1.291667,0.197919
1.294444,0.162492
1.297222,0.162777
1.3,0.157893
1.302778,0.183611
1.305556,0.142085
1.308333,0.106079
1.311111,0.152988
1.313889,0.101435
1.316667,0.094369
1.319444,0.102832
1.322222,0.116538
1.325,0.0231
1.327778,0.055413
1.330556,0.088274
1.333333,0.066397
1.336111,0.04604
1.338889,0.050691
1.341667,0.103707
1.344444,0.04387
1.347222,0.074362
1.35,0.072017
1.352778,0.029552
1.355556,0.050215
1.358333,0.015718
1.361111,0.000999
1.363889,-0.027261
1.366667,0.016668
1.369444,-0.040901
1.372222,-0.067473
1.375,-0.107788
1.377778,-0.0417
1.380556,-0.092093
1.383333,-0.130535
1.386111,-0.15123
1.388889,-0.170037
1.391667,-0.09751
1.394444,-0.066019
1.397222,-0.068242
1.4,0.079495
1.402778,0.165851
1.405556,0.242077
1.408333,0.410345
1.411111,0.58612
1.413889,0.769921
1.416667,0.893308
1.419444,0.920817
1.422222,1.009283
1.425,0.891119
1.427778,0.772481
1.430556,0.58784
1.433333,0.35086
1.436111,0.189572
1.438889,0.053705
1.441667,-0.057584
1.444444,-0.163891
1.447222,-0.226715
1.45,-0.232831
1.452778,-0.265233
1.455556,-0.250954
1.458333,-0.277697
1.461111,-0.189566
1.463889,-0.194086
1.466667,-0.149943
1.469444,-0.106003
1.472222,-0.069064
1.475,0.000216
1.477778,-0.032582
1.480556,-0.067464
1.483333,-0.011069
1.486111,-0.025667
1.488889,0.009221
1.491667,-0.019805
1.494444,-0.017958
1.497222,-0.010102
1.5,-0.011962
1.502778,-0.046377
1.505556,-0.010191
1.508333,0.010989
1.511111,0.04908
1.513889,0.006057
1.516667,0.005633
1.519444,0.036271
1.522222,0.037314
1.525,0.071549
1.527778,0.043727
1.530556,0.028388
1.533333,0.07211
1.536111,0.08103
1.538889,0.02427
1.541667,0.046866
1.544444,-0.004499
1.547222,0.039004
1.55,0.027634
1.552778,0.052154
1.555556,0.048768
1.558333,0.063086
1.561111,0.070033
1.563889,0.093187
1.566667,0.090768
1.569444,0.072634
1.572222,0.056645
1.575,0.138372
1.577778,0.150018
1.580556,0.100191
1.583333,0.137134
1.586111,0.081103
1.588889,0.086727
1.591667,0.132302
1.594444,0.191435
1.597222,0.122839
1.6,0.136209
1.602778,0.216487
1.605556,0.118493
1.608333,0.201714
1.611111,0.203969
1.613889,0.190113
1.616667,0.208871
1.619444,0.288705
1.622222,0.183005
1.625,0.214054
1.627778,0.222888
1.630556,0.215788
1.633333,0.202553
1.636111,0.296818
1.638889,0.26171
1.641667,0.208333
1.644444,0.245834
1.647222,0.284808
1.65,0.290361
1.652778,0.240548
1.655556,0.286403
1.658333,0.302249
1.661111,0.311363
1.663889,0.316466
1.666667,0.254848
1.669444,0.369712
1.672222,0.325233
1.675,0.377479
1.677778,0.413362
1.680556,0.326552
1.683333,0.297939
1.686111,0.364087
1.688889,0.335522
1.691667,0.329698
1.694444,0.313981
1.697222,0.396732
1.7,0.333252
1.702778,0.304233
1.705556,0.331678
1.708333,0.308419
1.711111,0.345009
1.713889,0.323901
1.716667,0.300024
1.719444,0.344113
1.722222,0.300128
1.725,0.333593
1.727778,0.341274
1.730556,0.283316
1.733333,0.264738
1.736111,0.279374
1.738889,0.288788
1.741667,0.250091
1.744444,0.242081
1.747222,0.224463
1.75,0.221777
1.752778,0.218359
1.755556,0.165355
1.758333,0.159181
1.761111,0.162252
1.763889,0.128506
1.766667,0.140414
1.769444,0.140647
1.772222,0.112574
1.775,0.084254
1.777778,0.068683
1.780556,0.1347
1.783333,0.09922
1.786111,0.030512
1.788889,0.030664
1.791667,0.104427
1.794444,0.086385
1.797222,0.038226
1.8,0.06293
1.802778,-0.022147
1.805556,0.0172
1.808333,0.034486
1.811111,-0.048059
1.813889,-0.019925
1.816667,0.023192
1.819444,0.030075
1.822222,-0.02503
1.825,-0.00175
1.827778,0.034372
1.830556,-0.028515
1.833333,-0.060993
1.836111,-0.02776
1.838889,-0.04423
1.841667,-0.002199
1.844444,-0.048153
1.847222,-0.092099
1.85,-0.014421
1.852778,-0.122455
1.855556,-0.115427
1.858333,-0.130432
1.861111,-0.144712
1.863889,-0.174421
1.866667,-0.165034
1.869444,-0.177642
1.872222,-0.199543
1.875,-0.131225
1.877778,-0.081159
1.880556,-0.009146
1.883333,0.098954
1.886111,0.205235
1.888889,0.420406
1.891667,0.600128
1.894444,0.653543
1.897222,0.852425
1.9,0.902948
1.902778,0.84087
1.905556,0.847688
1.908333,0.669761
1.911111,0.49272
1.913889,0.29168
1.916667,0.166531
1.919444,0.023936
1.922222,-0.116671
1.925,-0.181976
1.927778,-0.254884
1.930556,-0.272622
1.933333,-0.306016
1.936111,-0.275492
1.938889,-0.280161
1.941667,-0.222582
1.944444,-0.179923
1.947222,-0.165189
1.95,-0.10996
1.952778,-0.038656
1.955556,-0.160369
1.958333,-0.078847
1.961111,-0.0825
1.963889,-0.06889
1.966667,-0.088558
1.969444,-0.041016
1.972222,-0.046629
1.975,-0.055136
1.977778,-0.041644
1.980556,-0.049968
1.983333,-0.100772
1.986111,0.003532
1.988889,-0.036139
1.991667,-0.053663
1.994444,-0.01399
1.997222,-0.040915
2.0,-0.083964
2.002778,0.010329
2.005556,-0.063938
2.008333,-0.017366
2.011111,-0.004199
2.013889,0.03589
2.016667,0.034503
2.019444,0.007378
2.022222,-0.016686
2.025,-0.002241
2.027778,0.0471
2.030556,0.072509
2.033333,0.03989
2.036111,0.009108
2.038889,0.064426
2.041667,0.027592
2.044444,0.032128
2.047222,0.041717
2.05,0.073717
2.052778,0.070396
2.055556,0.098241
2.058333,0.113855
2.061111,0.09705
2.063889,0.018549
2.066667,0.044652
2.069444,0.107503
2.072222,0.108156
2.075,0.182374
2.077778,0.124337
2.080556,0.128449
2.083333,0.169263
2.086111,0.180929
2.088889,0.150111
2.091667,0.17967
2.094444,0.13989
2.097222,0.154142
2.1,0.228084
2.102778,0.157643
2.105556,0.236396
2.108333,0.238028
2.111111,0.249833
2.113889,0.263241
2.116667,0.261937
2.119444,0.189965
2.122222,0.233255
2.125,0.254479
2.127778,0.309003
2.130556,0.25662
2.133333,0.278
2.136111,0.296686
2.138889,0.355144
2.141667,0.280081
2.144444,0.289854
2.147222,0.355859
2.15,0.279178
2.152778,0.358047
2.155556,0.33877
2.158333,0.30847
2.161111,0.345573
2.163889,0.329475
2.166667,0.364835
2.169444,0.369849
2.172222,0.401584
2.175,0.353354
2.177778,0.352427
2.180556,0.326641
2.183333,0.336717
2.186111,0.361352
2.188889,0.263571
2.191667,0.331717
2.194444,0.285699
2.197222,0.293094
2.2,0.289166
2.202778,0.292991
2.205556,0.262315
2.208333,0.230814
2.211111,0.239208
2.213889,0.217421
2.216667,0.198169
2.219444,0.197813
2.222222,0.205411
2.225,0.171155
2.227778,0.159783
2.230556,0.104966
2.233333,0.128649
2.236111,0.066011
2.238889,0.133086
2.241667,0.073498
2.244444,0.131188
2.247222,0.173241
2.25,0.063083
2.252778,0.106907
2.255556,0.071574
2.258333,0.035625
2.261111,0.020369
2.263889,0.056126
2.266667,0.07514
2.269444,0.038279
2.272222,-0.022999
2.275,-0.013946
2.277778,0.005653
2.280556,0.048472
2.283333,0.011433
2.286111,0.00754
2.288889,0.028021
2.291667,-0.021823
2.294444,-0.027795
2.297222,-0.042734
2.3,-0.105993
2.302778,-0.057346
2.305556,-0.0805
2.308333,-0.086535
2.311111,-0.173913
2.313889,-0.182141
2.316667,-0.143425
2.319444,-0.167638
2.322222,-0.132214
2.325,-0.184215
2.327778,-0.124
2.330556,-0.105825
2.333333,-0.011034
2.336111,0.056475
2.338889,0.208567
2.341667,0.375476
2.344444,0.533377
2.347222,0.628997
2.35,0.854706
2.352778,0.928565
2.355556,0.897967
2.358333,0.837075
2.361111,0.730016
2.363889,0.568974
2.366667,0.345098
2.369444,0.127274
2.372222,0.029265
2.375,-0.094296
2.377778,-0.111616
2.380556,-0.278574
2.383333,-0.194501
2.386111,-0.22864
2.388889,-0.267524
2.391667,-0.211094
2.394444,-0.234213
2.397222,-0.179223
2.4,-0.200166
2.402778,-0.146019
2.405556,-0.151661
2.408333,-0.145045
2.411111,-0.086731
2.413889,-0.083323
2.416667,-0.03506
2.419444,-0.005853
2.422222,-0.043105
2.425,-0.031969
2.427778,-0.024903
2.430556,-0.078353
2.433333,-0.017782
2.436111,-0.023515
2.438889,-0.023278
2.441667,-0.052883
2.444444,-0.077214
2.447222,-0.023025
2.45,-0.003647
2.452778,0.029638
2.455556,0.026054
2.458333,0.03866
2.461111,0.009161
2.463889,0.035996
2.466667,-0.00143
2.469444,0.027239
2.472222,0.040177
2.475,0.096944
2.477778,0.027793
2.480556,-0.013203
2.483333,0.070978
2.486111,0.010791
2.488889,0.037806
2.491667,0.036107
2.494444,0.023216
2.497222,0.096213
2.5,0.079973
2.502778,0.049847
2.505556,0.076591
2.508333,0.067998
2.511111,0.106105
2.513889,0.083106
2.516667,0.078441
2.519444,0.089196
2.522222,0.102642
2.525,0.13176
2.527778,0.10294
2.530556,0.135332
2.533333,0.158893
2.536111,0.223326
2.538889,0.186554
2.541667,0.079033
2.544444,0.160901
2.547222,0.172009
2.55,0.201195
2.552778,0.246306
2.555556,0.229093
2.558333,0.145308
2.561111,0.231122
2.563889,0.23262
2.566667,0.249179
2.569444,0.284912
2.572222,0.218719
2.575,0.291777
2.577778,0.216249
2.580556,0.274508
2.583333,0.291452
2.586111,0.355547
2.588889,0.272834
2.591667,0.249879
2.594444,0.327984
2.597222,0.294062
2.6,0.367165
2.602778,0.305144
2.605556,0.305944
2.608333,0.375162
2.611111,0.345586
2.613889,0.377812
2.616667,0.309149
2.619444,0.405288
2.622222,0.341151
2.625,0.385755
2.627778,0.332601
2.630556,0.316967
2.633333,0.355625
2.636111,0.36746
2.638889,0.40744
2.641667,0.367548
2.644444,0.374396
2.647222,0.367562
2.65,0.434959
2.652778,0.309997
2.655556,0.364154
2.658333,0.313111
2.661111,0.315704
2.663889,0.281055
2.666667,0.321282
2.669444,0.237191
2.672222,0.223173
2.675,0.244294
2.677778,0.203263
2.680556,0.246471
2.683333,0.240389
2.686111,0.177589
2.688889,0.211312
2.691667,0.155804
2.694444,0.162526
2.697222,0.152622
2.7,0.197704
2.702778,0.130855
2.705556,0.09346
2.708333,0.083757
2.711111,0.138273
2.713889,0.04372
2.716667,0.071725
2.719444,0.066985
2.722222,-0.002063
2.725,0.050922
2.727778,0.089076
2.730556,0.060376
2.733333,0.021317
2.736111,0.064317
2.738889,0.054742
2.741667,0.095958
2.744444,0.009236
2.747222,0.016388
2.75,0.026017
2.752778,0.017438
2.755556,0.020903
2.758333,0.011418
2.761111,-0.010673
2.763889,-0.04378
2.766667,-0.020317
2.769444,-0.055808
2.772222,-0.059365
2.775,-0.061404
2.777778,-0.049951
2.780556,-0.061386
2.783333,-0.139693
2.786111,-0.118265
2.788889,-0.116933
2.791667,-0.148262
2.794444,-0.192501
2.797222,-0.193234
2.8,-0.07714
2.802778,-0.030115
2.805556,0.014258
2.808333,0.063451
2.811111,0.257594
2.813889,0.398867
2.816667,0.530442
2.819444,0.6969
2.822222,0.792629
2.825,0.969641
2.827778,0.921305
2.830556,0.932762
2.833333,0.806705
2.836111,0.61317
2.838889,0.465202
2.841667,0.223799
2.844444,0.093068
2.847222,-0.024256
2.85,-0.129244
2.852778,-0.206891
2.855556,-0.189719
2.858333,-0.226236
2.861111,-0.241459
2.863889,-0.225678
2.866667,-0.19349
2.869444,-0.10056
2.872222,-0.135267
2.875,-0.115535
2.877778,-0.112612
2.880556,-0.093233
2.883333,-0.093772
2.886111,-0.014219
2.888889,-0.00859
2.891667,-0.031614
2.894444,-0.039079
2.897222,0.0003
2.9,-0.002224
2.902778,-0.023876
2.905556,0.027568
2.908333,0.024924
2.911111,0.021208
2.913889,0.048002
2.916667,0.007487
2.919444,0.070204
2.922222,0.001445
2.925,0.049953
2.927778,0.056375
2.930556,0.032469
2.933333,0.053966
2.936111,0.008225
2.938889,0.005166
2.941667,0.047937
2.944444,0.035986
2.947222,0.079755
2.95,0.067231
2.952778,0.089367
2.955556,0.085166
2.958333,0.086665
2.961111,0.088503
2.963889,0.079893
2.966667,0.082712
2.969444,0.163488
2.972222,0.055574
2.975,0.108973
2.977778,0.151046
2.980556,0.140041
2.983333,0.176428
2.986111,0.157495
2.988889,0.110118
2.991667,0.145254
2.994444,0.120249
2.997222,0.199298
3.0,0.220481
3.002778,0.171439
3.005556,0.20853
3.008333,0.187504
3.011111,0.164283
3.013889,0.201661
3.016667,0.175197
3.019444,0.21321
3.022222,0.244167
3.025,0.267118
3.027778,0.291635
3.030556,0.250134
3.033333,0.274483
3.036111,0.287243
3.038889,0.298379
3.041667,0.203173
3.044444,0.272263
3.047222,0.3263
3.05,0.275528
3.052778,0.323153
3.055556,0.347259
3.058333,0.271762
3.061111,0.329263
3.063889,0.348319
3.066667,0.347639
3.069444,0.307394
3.072222,0.369548
3.075,0.347994
3.077778,0.394995
3.080556,0.388485
3.083333,0.364061
3.086111,0.390502
3.088889,0.3688
3.091667,0.372366
3.094444,0.349336
3.097222,0.392372
3.1,0.425829
3.102778,0.40655
3.105556,0.403131
3.108333,0.384724
3.111111,0.386851
3.113889,0.422993
3.116667,0.352989
3.119444,0.455881
3.122222,0.38727
3.125,0.448585
3.127778,0.411909
3.130556,0.356454
3.133333,0.382481
3.136111,0.358779
3.138889,0.354841
3.141667,0.354024
3.144444,0.302449
3.147222,0.288517
3.15,0.282352
3.152778,0.241474
3.155556,0.262034
3.158333,0.264161
3.161111,0.252193
3.163889,0.238016
3.166667,0.208107
3.169444,0.231639
3.172222,0.134836
3.175,0.173248
3.177778,0.164529
3.180556,0.191002
3.183333,0.174275
3.186111,0.169119
3.188889,0.136815
3.191667,0.156679
3.194444,0.090445
3.197222,0.115547
3.2,0.043395
3.202778,0.152029
3.205556,0.142712
3.208333,0.071773
3.211111,0.059459
3.213889,0.017544
3.216667,0.030471
3.219444,0.076354
3.222222,0.064549
3.225,0.021816
3.227778,0.048072
3.230556,0.040145
3.233333,0.071059
3.236111,0.074704
3.238889,0.042364
3.241667,0.046472
3.244444,0.034776
3.247222,-0.038647
3.25,0.015207
3.252778,-0.009685
3.255556,-0.005597
3.258333,-0.105003
3.261111,-0.04818
3.263889,-0.108346
3.266667,-0.093516
3.269444,-0.069535
3.272222,-0.144726
3.275,-0.123054
3.277778,-0.023859
3.280556,-0.041555
3.283333,0.031277
3.286111,0.171932
3.288889,0.271747
3.291667,0.453909
3.294444,0.610827
3.297222,0.770795
3.3,0.942133
3.302778,1.063047
3.305556,1.003823
3.308333,0.981121
3.311111,0.833558
3.313889,0.623305
3.316667,0.440785
3.319444,0.217821
3.322222,0.074595
3.325,-0.016357
3.327778,-0.109331
3.330556,-0.122074
3.333333,-0.228912
3.336111,-0.208302
3.338889,-0.21336
3.341667,-0.182351
3.344444,-0.118642
3.347222,-0.160968
3.35,-0.068773
3.352778,-0.082318
3.355556,-0.047332
3.358333,0.015567
3.361111,-0.003955
3.363889,0.039357
3.366667,0.033858
3.369444,0.033335
3.372222,0.033526
3.375,-0.003422
3.377778,0.029258
3.380556,0.059144
3.383333,0.062335
3.386111,0.013476
3.388889,0.090259
3.391667,0.079367
3.394444,0.02517
3.397222,0.035141
3.4,0.084018
3.402778,0.018481
3.405556,0.05166
3.408333,0.075185
3.411111,0.075996
3.413889,0.081294
3.416667,0.098129
3.419444,0.066012
3.422222,0.079133
3.425,0.159364
3.427778,0.059816
3.430556,0.092812
3.433333,0.114232
3.436111,0.096298
3.438889,0.157414
3.441667,0.128152
3.444444,0.154162
3.447222,0.058543
3.45,0.178558
3.452778,0.183427
3.455556,0.132471
3.458333,0.200815
3.461111,0.176178
3.463889,0.202845
3.466667,0.236351
3.469444,0.192068
3.472222,0.165887
3.475,0.203354
3.477778,0.172902
3.480556,0.194774
3.483333,0.203676
3.486111,0.21313
3.488889,0.277476
3.491667,0.275648
3.494444,0.231787
3.497222,0.300948
3.5,0.224905
3.502778,0.26405
3.505556,0.288105
3.508333,0.336573
3.511111,0.331386
3.513889,0.33194
3.516667,0.366189
3.519444,0.357407
3.522222,0.385762
3.525,0.329972
3.527778,0.311655
3.530556,0.358623
3.533333,0.404749
3.536111,0.396134
3.538889,0.423333
3.541667,0.426011
3.544444,0.427882
3.547222,0.444286
3.55,0.405057
3.552778,0.465649
3.555556,0.40826
3.558333,0.439946
3.561111,0.404997
3.563889,0.465898
3.566667,0.406389
3.569444,0.496469
3.572222,0.414086
3.575,0.461344
3.577778,0.447328
3.580556,0.42202
3.583333,0.481568
3.586111,0.425754
3.588889,0.47615
3.591667,0.393766
3.594444,0.391977
3.597222,0.346615
3.6,0.413081
3.602778,0.413101
3.605556,0.380801
3.608333,0.357182
3.611111,0.321974
3.613889,0.40754
3.616667,0.346399
3.619444,0.255753
3.622222,0.288902
3.625,0.207031
3.627778,0.320192
3.630556,0.319779
3.633333,0.292233
3.636111,0.234986
3.638889,0.207497
3.641667,0.172236
3.644444,0.219971
3.647222,0.171611
3.65,0.173225
3.652778,0.156287
3.655556,0.157683
3.658333,0.185863
3.661111,0.202023
3.663889,0.14859
3.666667,0.137857
3.669444,0.097409
3.672222,0.087905
3.675,0.087234
3.677778,0.140507
3.680556,0.116313
3.683333,0.133211
3.686111,0.112195
3.688889,0.082703
3.691667,0.052511
3.694444,0.073355
3.697222,0.034855
3.7,0.129826
3.702778,0.06695
3.705556,0.034013
3.708333,0.088043
3.711111,-0.003846
3.713889,0.002041
3.716667,-0.042663
3.719444,-0.048142
3.722222,-0.086824
3.725,-0.070759
3.727778,-0.0436
3.730556,-0.11519
3.733333,-0.122474
3.736111,0.021671
3.738889,0.040571
3.741667,0.140108
3.744444,0.211769
3.747222,0.40444
3.75,0.575356
3.752778,0.657833
3.755556,0.87295
3.758333,0.951612
3.761111,0.972169
3.763889,0.983254
3.766667,0.905405
3.769444,0.685847
3.772222,0.498548
3.775,0.384181
3.777778,0.177834
3.780556,0.051628
3.783333,-0.097046
3.786111,-0.151356
3.788889,-0.169534
3.791667,-0.187305
3.794444,-0.191258
3.797222,-0.137022
3.8,-0.16022
3.802778,-0.185406
3.805556,-0.136011
3.808333,-0.081329
3.811111,-0.012664
3.813889,-0.047301
3.816667,-0.017507
3.819444,0.010104
3.822222,0.002061
3.825,0.007708
3.827778,0.032092
3.830556,0.073948
3.833333,0.061731
3.836111,0.040749
3.838889,0.063579
3.841667,0.014121
3.844444,0.084871
3.847222,0.07866
3.85,0.066934
3.852778,0.010217
3.855556,0.123277
3.858333,-0.025011
3.861111,0.035657
3.863889,0.040453
3.866667,0.092024
3.869444,0.028262
3.872222,0.083816
3.875,0.075196
3.877778,0.074347
3.880556,0.112684
3.883333,0.133694
3.886111,0.10652
3.888889,0.090323
3.891667,0.033919
3.894444,0.152282
3.897222,0.103371
3.9,0.061328
3.902778,0.127627
3.905556,0.17221
3.908333,0.129633
3.911111,0.104321
3.913889,0.214313
3.916667,0.170788
3.919444,0.169104
3.922222,0.19613
3.925,0.106231
3.927778,0.176958
3.930556,0.181217
3.933333,0.262335
3.936111,0.183859
3.938889,0.1918
3.941667,0.174092
3.944444,0.199226
3.947222,0.225963
3.95,0.248327
3.952778,0.242593
3.955556,0.317936
3.958333,0.2805
3.961111,0.293584
3.963889,0.324506
3.966667,0.311056
3.969444,0.284895
3.972222,0.262814
3.975,0.329781
3.977778,0.30279
3.980556,0.377207
3.983333,0.322923
3.986111,0.28755
3.988889,0.365451
3.991667,0.405521
3.994444,0.375063
3.997222,0.395053
4.0,0.401936
4.002778,0.456897
4.005556,0.420349
4.008333,0.415947
4.011111,0.403731
4.013889,0.376957
4.016667,0.473345
4.019444,0.468034
4.022222,0.405583
4.025,0.453597
4.027778,0.444322
4.030556,0.420935
4.033333,0.419989
4.036111,0.448307
4.038889,0.38333
4.041667,0.397755
4.044444,0.403797
4.047222,0.397469
4.05,0.38191
4.052778,0.384769
4.055556,0.383383
4.058333,0.328458
4.061111,0.346205
4.063889,0.315078
4.066667,0.364309
4.069444,0.262599
4.072222,0.285215
4.075,0.300598
4.077778,0.257662
4.080556,0.243389
4.083333,0.224558
4.086111,0.238217
4.088889,0.181302
4.091667,0.202698
4.094444,0.190938
4.097222,0.138743
4.1,0.181366
4.102778,0.149044
4.105556,0.163265
4.108333,0.171143
4.111111,0.146937
4.113889,0.092488
4.116667,0.130608
4.119444,0.06491
4.122222,0.083441
4.125,0.151081
4.127778,0.094308
4.130556,0.135733
4.133333,0.077313
4.136111,0.077805
4.138889,0.038391
4.141667,0.095766
4.144444,0.055522
4.147222,0.074354
4.15,0.061132
4.152778,0.054791
4.155556,0.036544
4.158333,0.0104
4.161111,-0.006869
4.163889,-0.049255
4.166667,-0.116039
4.169444,-0.059739
4.172222,-0.032039
4.175,-0.078092
4.177778,-0.048079
4.180556,-0.103073
4.183333,-0.134856
4.186111,-0.110756
4.188889,-0.017906
4.191667,0.029677
4.194444,0.099096
4.197222,0.240998
4.2,0.336149
4.202778,0.545359
4.205556,0.692749
4.208333,0.857233
4.211111,0.99074
4.213889,0.981454
4.216667,0.978387
4.219444,0.855808
4.222222,0.621177
4.225,0.522135
4.227778,0.226749
4.230556,0.098838
4.233333,-0.0042
4.236111,-0.189053
4.238889,-0.150062
4.241667,-0.182523
4.244444,-0.235579
4.247222,-0.222934
4.25,-0.211543
4.252778,-0.202604
4.255556,-0.13638
4.258333,-0.150505
4.261111,-0.110914
4.263889,-0.071066
4.266667,-0.032484
4.269444,-0.005146
4.272222,-0.068191
4.275,-0.07345
4.277778,-0.00746
4.280556,0.000979
4.283333,-0.026175
4.286111,0.018929
4.288889,0.030931
4.291667,0.02514
4.294444,0.065224
4.297222,-0.014997
4.3,0.018713
4.302778,0.078289
4.305556,0.041974
4.308333,-0.010834
4.311111,0.031311
4.313889,0.063211
4.316667,0.09304
4.319444,0.052342
4.322222,0.070394
4.325,0.00395
4.327778,0.033256
4.330556,0.080448
4.333333,0.01836
4.336111,0.049366
4.338889,-0.001708
4.341667,0.104272
4.344444,0.059556
4.347222,0.085311
4.35,0.027069
4.352778,0.037804
4.355556,0.138189
4.358333,0.077874
4.361111,0.077307
4.363889,0.115198
4.366667,0.122452
4.369444,0.052001
4.372222,0.088323
4.375,0.126028
4.377778,0.131266
4.380556,0.148568
4.383333,0.131705
4.386111,0.143271
4.388889,0.165485
4.391667,0.145215
4.394444,0.148115
4.397222,0.16426
4.4,0.188645
4.402778,0.191476
4.405556,0.189126
4.408333,0.203751
4.411111,0.21765
4.413889,0.236721
4.416667,0.245873
4.419444,0.203655
4.422222,0.280344
4.425,0.210126
4.427778,0.283407
4.430556,0.253407
4.433333,0.300541
4.436111,0.323176
4.438889,0.241904
4.441667,0.325237
4.444444,0.323135
4.447222,0.308485
4.45,0.341766
4.452778,0.322403
4.455556,0.348016
4.458333,0.319204
4.461111,0.381008
4.463889,0.380772
4.466667,0.390484
4.469444,0.352545
4.472222,0.431692
4.475,0.438641
4.477778,0.378053
4.480556,0.369001
4.483333,0.369168
4.486111,0.401139
4.488889,0.409199
4.491667,0.352101
4.494444,0.308843
4.497222,0.378347
4.5,0.356677
4.502778,0.355403
4.505556,0.357178
4.508333,0.298327
4.511111,0.323511
4.513889,0.301425
4.516667,0.310073
4.519444,0.32334
4.522222,0.273797
4.525,0.23485
4.527778,0.285289
4.530556,0.25579
4.533333,0.214929
4.536111,0.153383
4.538889,0.168429
4.541667,0.186516
4.544444,0.186311
4.547222,0.141726
4.55,0.159216
4.552778,0.115646
4.555556,0.111304
4.558333,0.129921
4.561111,0.095886
4.563889,0.09902
4.566667,0.112453
4.569444,0.111832
4.572222,0.052072
4.575,0.054845
4.577778,0.015522
4.580556,0.009586
4.583333,0.051819
4.586111,0.021323
4.588889,-0.024335
4.591667,0.042455
4.594444,-0.003684
4.597222,0.007553
4.6,0.024993
4.602778,0.019719
4.605556,0.000908
4.608333,-0.063357
4.611111,0.00634
4.613889,-0.038111
4.616667,-0.075137
4.619444,-0.114481
4.622222,-0.02706
4.625,-0.084126
4.627778,-0.107994
4.630556,-0.115315
4.633333,-0.155119
4.636111,-0.210561
4.638889,-0.150896
4.641667,-0.136654
4.644444,-0.135296
4.647222,-0.075345
4.65,-0.018598
4.652778,-0.03316
4.655556,0.070725
4.658333,0.234219
4.661111,0.365052
4.663889,0.536758
4.666667,0.727518
4.669444,0.861783
4.672222,0.909992
4.675,0.935338
4.677778,0.839044
4.680556,0.71649
4.683333,0.508716
4.686111,0.289673
4.688889,0.152331
4.691667,-0.003586
4.694444,-0.076935
4.697222,-0.139944
4.7,-0.239868
4.702778,-0.255499
4.705556,-0.298613
4.708333,-0.302349
4.711111,-0.266948
4.713889,-0.243065
4.716667,-0.197126
4.719444,-0.172472
4.722222,-0.096769
4.725,-0.126377
4.727778,-0.14656
4.730556,-0.074814
4.733333,-0.083793
4.736111,-0.047101
4.738889,-0.011709
4.741667,-0.059244
4.744444,-0.038364
4.747222,-0.017757
4.75,-0.059474
4.752778,-0.022797
4.755556,-0.011241
4.758333,-0.00157
4.761111,0.008673
4.763889,-0.005797
4.766667,-0.008755
4.769444,-0.060141
4.772222,-0.09654
4.775,-0.042712
4.777778,0.031456
4.780556,-0.00494
4.783333,-0.07308
4.786111,-0.015008
4.788889,0.011798
4.791667,-0.051003
4.794444,0.025415
4.797222,-0.022196
4.8,0.047564
4.802778,0.02162
4.805556,0.11812
4.808333,-0.009814
4.811111,0.04359
4.813889,-0.003884
4.816667,0.080205
4.819444,0.055137
4.822222,0.08483
4.825,0.066301
4.827778,0.034295
4.830556,0.056222
4.833333,0.045182
4.836111,0.057557
4.838889,0.100019
4.841667,0.134652
4.844444,0.1353
4.847222,0.132078
4.85,0.10695
4.852778,0.146357
4.855556,0.112741
4.858333,0.15182
4.861111,0.178049
4.863889,0.154686
4.866667,0.153514
4.869444,0.161895
4.872222,0.200439
4.875,0.17998
4.877778,0.153833
4.880556,0.191048
4.883333,0.178595
4.886111,0.262249
4.888889,0.224585
4.891667,0.186953
4.894444,0.245643
4.897222,0.265848
4.9,0.262231
4.902778,0.246593
4.905556,0.268221
4.908333,0.278417
4.911111,0.306289
4.913889,0.293272
4.916667,0.356164
4.919444,0.287752
4.922222,0.3455
4.925,0.305731
4.927778,0.259349
4.930556,0.280029
4.933333,0.265158
4.936111,0.272114
4.938889,0.362861
4.941667,0.310138
4.944444,0.350043
4.947222,0.30692
4.95,0.333909
4.952778,0.302691
4.955556,0.359019
4.958333,0.323617
4.961111,0.314774
4.963889,0.319484
4.966667,0.384439
4.969444,0.326897
4.972222,0.331589
4.975,0.261681
4.977778,0.270656
4.980556,0.289316
4.983333,0.214704
4.986111,0.299117
4.988889,0.255748
4.991667,0.235102
4.994444,0.217306
4.997222,0.203552
5.0,0.182643
5.002778,0.22642
5.005556,0.192516
5.008333,0.196395
5.011111,0.137675
5.013889,0.108242
5.016667,0.163186
5.019444,0.074813
5.022222,0.081937
5.025,0.110845
5.027778,0.11196
5.030556,0.030778
5.033333,0.0529
5.036111,0.053462
5.038889,0.040747
5.041667,0.011664
5.044444,0.050614
5.047222,0.008339
5.05,0.010887
5.052778,-0.054636
5.055556,0.004162
5.058333,-0.055238
5.061111,0.019448
5.063889,0.009044
5.066667,-0.024598
5.069444,-0.008081
5.072222,-0.013006
5.075,-0.02396
5.077778,-0.012238
5.080556,-0.030708
5.083333,-0.04617
5.086111,-0.062123
5.088889,0.002863
5.091667,-0.052936
5.094444,-0.074248
5.097222,-0.070334
5.1,-0.124373
5.102778,-0.14628
5.105556,-0.13618
5.108333,-0.143042
5.111111,-0.165315
5.113889,-0.232896
5.116667,-0.180343
5.119444,-0.16458
5.122222,-0.118583
5.125,-0.109826
5.127778,-0.044326
5.130556,0.080938
5.133333,0.185793
5.136111,0.336344
5.138889,0.538283
5.141667,0.735392
5.144444,0.846844
5.147222,0.951622
5.15,0.887497
5.152778,0.85812
5.155556,0.692305
5.158333,0.483488
5.161111,0.304403
5.163889,0.113128
5.166667,-0.016297
5.169444,-0.145233
5.172222,-0.164679
5.175,-0.262459
5.177778,-0.320071
5.180556,-0.291108
5.183333,-0.26695
5.186111,-0.270226
5.188889,-0.210308
5.191667,-0.233696
5.194444,-0.201568
5.197222,-0.098666
5.2,-0.120172
5.202778,-0.081607
5.205556,-0.064618
5.208333,-0.047957
5.211111,-0.053118
5.213889,-0.052291
5.216667,-0.009
5.219444,-0.051589
5.222222,-0.030616
5.225,-0.011339
5.227778,-0.041225
5.230556,-0.072918
5.233333,-0.012026
5.236111,0.008323
5.238889,-0.013952
5.241667,-0.068759
5.244444,0.002079
5.247222,0.043809
5.25,-0.057209
5.252778,-0.088685
5.255556,-0.012831
5.258333,-7.9e-05
5.261111,0.02417
5.263889,0.028911
5.266667,0.011399
5.269444,0.028662
5.272222,0.026868
5.275,0.025115
5.277778,0.024479
5.280556,0.026549
5.283333,0.056851
5.286111,0.053411
5.288889,0.034457
5.291667,0.084896
5.294444,0.037329
5.297222,0.058019
5.3,0.075078
5.302778,0.021774
5.305556,0.073186
5.308333,0.11618
5.311111,0.121939
5.313889,0.070137
5.316667,0.088055
5.319444,0.088154
5.322222,0.120222
5.325,0.132761
5.327778,0.095497
5.330556,0.15915
5.333333,0.159594
5.336111,0.16304
5.338889,0.153184
5.341667,0.175195
5.344444,0.136172
5.347222,0.202711
5.35,0.209762
5.352778,0.208093
5.355556,0.184221
5.358333,0.263568
5.361111,0.266861
5.363889,0.186415
5.366667,0.260736
5.369444,0.260443
5.372222,0.188159
5.375,0.285667
5.377778,0.296734
5.380556,0.305895
5.383333,0.296554
5.386111,0.279693
5.388889,0.290567
5.391667,0.327134
5.394444,0.352839
5.397222,0.310475
5.4,0.322517
5.402778,0.356566
5.405556,0.278394
5.408333,0.359017
5.411111,0.343294
5.413889,0.289417
5.416667,0.378793
5.419444,0.331571
5.422222,0.382599
5.425,0.39997
5.427778,0.322752
5.430556,0.322485
5.433333,0.354503
5.436111,0.300061
5.438889,0.367772
5.441667,0.346203
5.444444,0.362687
5.447222,0.272865
5.45,0.323679
5.452778,0.321919
5.455556,0.245716
5.458333,0.313471
5.461111,0.235764
5.463889,0.269458
5.466667,0.213502
5.469444,0.2625
5.472222,0.276689
5.475,0.216025
5.477778,0.202589
5.480556,0.227215
5.483333,0.163927
5.486111,0.166531
5.488889,0.17745
5.491667,0.154716
5.494444,0.177674
5.497222,0.156511
5.5,0.168076
5.502778,0.102209
5.505556,0.126903
5.508333,0.062152
5.511111,0.104992
5.513889,0.122791
5.516667,0.133641
5.519444,0.022112
5.522222,0.048005
5.525,0.068613
5.527778,0.017139
5.530556,0.054377
5.533333,0.049931
5.536111,0.016009
5.538889,0.010905
5.541667,-0.003797
5.544444,0.028884
5.547222,0.053745
5.55,0.021524
5.552778,0.090037
5.555556,-0.040113
5.558333,-0.020953
5.561111,0.00601
5.563889,-0.060071
5.566667,-0.03261
5.569444,-0.038297
5.572222,-0.07847
5.575,-0.112229
5.577778,-0.097991
5.580556,-0.128728
5.583333,-0.128081
5.586111,-0.132652
5.588889,-0.157133
5.591667,-0.146186
5.594444,-0.08668
5.597222,-0.013255
5.6,0.056924
5.602778,0.20021
5.605556,0.320082
5.608333,0.505745
5.611111,0.6542
5.613889,0.787399
5.616667,0.947073
5.619444,0.982507
5.622222,0.908957
5.625,0.812828
5.627778,0.74348
5.630556,0.371421
5.633333,0.315128
5.636111,0.116381
5.638889,-0.021502
5.641667,-0.126913
5.644444,-0.199486
5.647222,-0.153871
5.65,-0.254492
5.652778,-0.251401
5.655556,-0.20694
5.658333,-0.198164
5.661111,-0.187617
5.663889,-0.160633
5.666667,-0.161149
5.669444,-0.061296
5.672222,-0.099427
5.675,-0.118894
5.677778,0.000627
5.680556,0.004639
5.683333,0.002001
5.686111,-0.016642
5.688889,0.039032
5.691667,-0.024676
5.694444,-0.054683
5.697222,0.017406
5.7,0.038657
5.702778,0.035242
5.705556,0.080582
5.708333,0.045809
5.711111,0.016596
5.713889,0.020054
5.716667,0.054857
5.719444,0.029263
5.722222,0.030017
5.725,-0.015371
5.727778,0.031116
5.730556,0.005211
5.733333,0.05443
5.736111,0.055294
5.738889,0.076562
5.741667,0.11289
5.744444,0.058735
5.747222,0.111782
5.75,0.039964
5.752778,0.08346
5.755556,0.112555
5.758333,0.14797
5.761111,0.062489
5.763889,0.093672
5.766667,0.1117
5.769444,0.110819
5.772222,0.091868
5.775,0.07829
5.777778,0.09737
5.780556,0.138651
5.783333,0.108212
5.786111,0.208768
5.788889,0.200012
5.791667,0.113996
5.794444,0.16405
5.797222,0.226388
5.8,0.238191
5.802778,0.23645
5.805556,0.168542
5.808333,0.208777
5.811111,0.266541
5.813889,0.239987
5.816667,0.231968
5.819444,0.269522
5.822222,0.292815
5.825,0.276478
5.827778,0.288732
5.830556,0.322661
5.833333,0.282838
5.836111,0.281562
5.838889,0.341061
5.841667,0.291475
5.844444,0.351406
5.847222,0.323749
5.85,0.379701
5.852778,0.327671
5.855556,0.4058
5.858333,0.388495
5.861111,0.378631
5.863889,0.369224
5.866667,0.397132
5.869444,0.380173
5.872222,0.377323
5.875,0.450022
5.877778,0.43936
5.880556,0.461133
5.883333,0.38539
5.886111,0.36819
5.888889,0.378591
5.891667,0.443983
5.894444,0.445892
5.897222,0.362226
5.9,0.443451
5.902778,0.393563
5.905556,0.36361
5.908333,0.388982
5.911111,0.399368
5.913889,0.366033
5.916667,0.35664
5.919444,0.325479
5.922222,0.296443
5.925,0.315698
5.927778,0.265845
5.930556,0.320099
5.933333,0.263828
5.936111,0.316168
5.938889,0.216639
5.941667,0.294169
5.944444,0.213363
5.947222,0.201316
5.95,0.22547
5.952778,0.232655
5.955556,0.193761
5.958333,0.174075
5.961111,0.235031
5.963889,0.181147
5.966667,0.120999
5.969444,0.140895
5.972222,0.1918
5.975,0.143461
5.977778,0.151382
5.980556,0.181105
5.983333,0.095993
5.986111,0.119312
5.988889,0.082586
5.991667,0.097343
5.994444,0.108853
5.997222,0.048043
6.0,0.088065
6.002778,0.083515
6.005556,0.106224
6.008333,0.051405
6.011111,0.024533
6.013889,0.066459
6.016667,0.010141
6.019444,0.035712
6.022222,0.030233
6.025,-0.033373
6.027778,-0.032988
6.030556,-0.083239
6.033333,-0.158212
6.036111,-0.132912
6.038889,-0.161231
6.041667,-0.098195
6.044444,-0.120491
6.047222,-0.070029
6.05,-0.029826
6.052778,0.059601
6.055556,0.097034
6.058333,0.204051
6.061111,0.370361
6.063889,0.567537
6.066667,0.689874
6.069444,0.860705
6.072222,0.959546
6.075,0.991539
6.077778,0.933895
6.080556,0.870558
6.083333,0.702167
6.086111,0.512623
6.088889,0.390121
6.091667,0.152248
6.094444,0.03711
6.097222,-0.082986
6.1,-0.104146
6.102778,-0.188347
6.105556,-0.14202
6.108333,-0.207344
6.111111,-0.164646
6.113889,-0.13653
6.116667,-0.147331
6.119444,-0.084489
6.122222,-0.077943
6.125,-0.074195
6.127778,-0.046418
6.130556,0.00483
6.133333,0.065297
6.136111,0.009648
6.138889,0.050281
6.141667,0.016492
6.144444,0.053378
6.147222,0.010035
6.15,0.028326
6.152778,0.054097
6.155556,0.033835
6.158333,0.050168
6.161111,0.090634
6.163889,0.058577
6.166667,0.042921
6.169444,0.029694
6.172222,0.053264
6.175,0.106507
6.177778,0.072237
6.180556,0.073236
6.183333,0.102458
6.186111,0.109259
6.188889,0.117773
6.191667,0.080515
6.194444,0.067666
6.197222,0.049146
6.2,0.083003
6.202778,0.096954
6.205556,0.134773
6.208333,0.127402
6.211111,0.105916
6.213889,0.154856
6.216667,0.096059
6.219444,0.108006
6.222222,0.110207
6.225,0.118886
6.227778,0.150366
6.230556,0.139084
6.233333,0.148312
6.236111,0.218172
6.238889,0.14093
6.241667,0.161035
6.244444,0.192096
6.247222,0.219914
6.25,0.228634
6.252778,0.213575
6.255556,0.218103
6.258333,0.228774
6.261111,0.266802
6.263889,0.22455
6.266667,0.189389
6.269444,0.273329
6.272222,0.240469
6.275,0.281615
6.277778,0.33292
6.280556,0.301977
6.283333,0.361972
6.286111,0.266915
6.288889,0.329635
6.291667,0.341971
6.294444,0.362953
6.297222,0.323913
6.3,0.358346
6.302778,0.364866
6.305556,0.371525
6.308333,0.335146
6.311111,0.331982
6.313889,0.407251
6.316667,0.408504
6.319444,0.406034
6.322222,0.430568
6.325,0.450028
6.327778,0.388454
6.330556,0.452044
6.333333,0.478001
6.336111,0.467991
6.338889,0.458372
6.341667,0.464328
6.344444,0.401549
6.347222,0.430704
6.35,0.476084
6.352778,0.488524
6.355556,0.455562
6.358333,0.424681
6.361111,0.429725
6.363889,0.45393
6.366667,0.482362
6.369444,0.437927
6.372222,0.39006
6.375,0.415068
6.377778,0.399185
6.380556,0.447267
6.383333,0.38166
6.386111,0.352856
6.388889,0.337103
6.391667,0.289793
6.394444,0.282194
6.397222,0.286532
6.4,0.263594
6.402778,0.280843
6.405556,0.265478
6.408333,0.278359
6.411111,0.283588
6.413889,0.231093
6.416667,0.209365
6.419444,0.148706
6.422222,0.205593
6.425,0.204221
6.427778,0.152004
6.430556,0.154585
6.433333,0.137077
6.436111,0.182058
6.438889,0.161591
6.441667,0.172646
6.444444,0.093558
6.447222,0.203563
6.45,0.092503
6.452778,0.082203
6.455556,0.113736
6.458333,0.086845
6.461111,0.153719
6.463889,0.082745
6.466667,0.070592
6.469444,0.116418
6.472222,0.119471
6.475,0.052599
6.477778,0.057132
6.480556,0.05249
6.483333,0.047692
6.486111,0.08995
6.488889,0.059065
6.491667,0.033004
6.494444,0.01698
6.497222,-0.043102
6.5,-0.037498
6.502778,-0.081012
6.505556,-0.109199
6.508333,-0.035193
6.511111,-0.125607
6.513889,-0.04794
6.516667,-0.025295
6.519444,0.00152
6.522222,0.124102
6.525,0.251073
6.527778,0.406366
6.530556,0.534269
6.533333,0.754177
6.536111,0.893898
6.538889,1.014361
6.541667,0.967069
6.544444,0.96607
6.547222,0.843164
6.55,0.709633
6.552778,0.478151
6.555556,0.297375
6.558333,0.114836
6.561111,-0.016484
6.563889,-0.103139
6.566667,-0.108881
6.569444,-0.206152
6.572222,-0.262988
6.575,-0.180694
6.577778,-0.190146
6.580556,-0.138254
6.583333,-0.111444
6.586111,-0.106954
6.588889,-0.080302
6.591667,-0.056536
6.594444,-0.015978
6.597222,-0.018983
6.6,0.026016
6.602778,0.073572
6.605556,0.020855
6.608333,0.028225
6.611111,0.032365
6.613889,0.072968
6.616667,0.076667
6.619444,0.101948
6.622222,0.082087
6.625,0.066236
6.627778,0.077782
6.630556,0.026752
6.633333,0.084738
6.636111,0.075112
6.638889,0.134359
6.641667,0.115706
6.644444,0.052296
6.647222,0.062726
6.65,0.108896
6.652778,0.023683
6.655556,0.06136
6.658333,0.103398
6.661111,0.11526
6.663889,0.105362
6.666667,0.138751
6.669444,0.100015
6.672222,0.115486
6.675,0.111511
6.677778,0.089436
6.680556,0.128646
6.683333,0.116056
6.686111,0.140478
6.688889,0.065435
6.691667,0.152906
6.694444,0.139434
6.697222,0.143489
6.7,0.169646
6.702778,0.160693
6.705556,0.209244
6.708333,0.225628
6.711111,0.22161
6.713889,0.231038
6.716667,0.220101
6.719444,0.217286
6.722222,0.185113
6.725,0.21966
6.727778,0.274174
6.730556,0.26805
6.733333,0.237663
6.736111,0.26274
6.738889,0.298286
6.741667,0.268878
6.744444,0.329275
6.747222,0.264997
6.75,0.318186
6.752778,0.322164
6.755556,0.313253
6.758333,0.323756
6.761111,0.337424
6.763889,0.259831
6.766667,0.348257
6.769444,0.374759
6.772222,0.358691
6.775,0.386967
6.777778,0.323551
6.780556,0.362838
6.783333,0.380572
6.786111,0.368478
6.788889,0.41739
6.791667,0.401634
6.794444,0.376783
6.797222,0.421214
6.8,0.425635
6.802778,0.392028
6.805556,0.42731
6.808333,0.422768
6.811111,0.424358
6.813889,0.377882
6.816667,0.454388
6.819444,0.43564
6.822222,0.414652
6.825,0.424111
6.827778,0.421014
6.830556,0.398173
6.833333,0.385107
6.836111,0.399834
6.838889,0.372397
6.841667,0.368063
6.844444,0.339174
6.847222,0.356333
6.85,0.384534
6.852778,0.34989
6.855556,0.333376
6.858333,0.31043
6.861111,0.294664
6.863889,0.249787
6.866667,0.331171
6.869444,0.246711
6.872222,0.210417
6.875,0.254295
6.877778,0.237024
6.880556,0.201259
6.883333,0.160314
6.886111,0.151206
6.888889,0.22806
6.891667,0.166512
6.894444,0.1399
6.897222,0.205231
6.9,0.123661
6.902778,0.10332
6.905556,0.138933
6.908333,0.125712
6.911111,0.154186
6.913889,0.0537
6.916667,0.102604
6.919444,0.037105
6.922222,0.096202
6.925,0.057567
6.927778,0.058531
6.930556,0.045839
6.933333,0.088917
6.936111,0.108545
6.938889,0.053578
6.941667,0.044842
6.944444,0.033796
6.947222,0.060578
6.95,0.00926
6.952778,0.140575
6.955556,0.01942
6.958333,0.067376
6.961111,0.006866
6.963889,-0.055747
6.966667,-0.081525
6.969444,-0.069376
6.972222,-0.100549
6.975,-0.106522
6.977778,-0.148947
6.980556,-0.051948
6.983333,-0.057363
6.986111,-0.163698
6.988889,-0.070537
6.991667,-0.00956
6.994444,0.002986
6.997222,0.089393
7.0,0.241338
7.002778,0.36726
7.005556,0.480378
7.008333,0.726338
7.011111,0.829017
7.013889,1.006973
7.016667,0.959725
7.019444,0.877103
7.022222,0.833239
7.025,0.698693
7.027778,0.485833
7.030556,0.286704
7.033333,0.089398
7.036111,0.013589
7.038889,-0.165712
7.041667,-0.149917
7.044444,-0.247754
7.047222,-0.245904
7.05,-0.267757
7.052778,-0.243291
7.055556,-0.14958
7.058333,-0.20302
7.061111,-0.132056
7.063889,-0.13231
7.066667,-0.049437
7.069444,-0.097387
7.072222,-0.036213
7.075,0.006784
7.077778,0.059739
7.080556,-0.035901
7.083333,-0.02055
7.086111,0.008656
7.088889,0.057996
7.091667,-0.015591
7.094444,0.041973
7.097222,-0.000365
7.1,-0.011346
7.102778,-0.026679
7.105556,0.027134
7.108333,0.054575
7.111111,0.023476
7.113889,-0.035775
7.116667,0.013679
7.119444,0.062376
7.122222,0.061973
7.125,0.046532
7.127778,0.085886
7.130556,0.00554
7.133333,0.009863
7.136111,0.123321
7.138889,0.074869
7.141667,0.052198
7.144444,0.047609
7.147222,-0.011633
7.15,0.096772
7.152778,0.013034
7.155556,0.021008
7.158333,0.084519
7.161111,0.137277
7.163889,0.084864
7.166667,0.114058
7.169444,0.095323
7.172222,0.126763
7.175,0.070139
7.177778,0.191514
7.180556,0.104508
7.183333,0.157717
7.186111,0.085024
7.188889,0.208589
7.191667,0.174716
7.194444,0.229776
7.197222,0.155723
7.2,0.214787
7.202778,0.185049
7.205556,0.196447
7.208333,0.244927
7.211111,0.185044
7.213889,0.242709
7.216667,0.287066
7.219444,0.288604
7.222222,0.275129
7.225,0.260229
7.227778,0.228053
7.230556,0.309049
7.233333,0.251835
7.236111,0.316904
7.238889,0.277436
7.241667,0.295315
7.244444,0.302242
7.247222,0.328159
7.25,0.303355
7.252778,0.329323
7.255556,0.314791
7.258333,0.35359
7.261111,0.352507
7.263889,0.363042
7.266667,0.329837
7.269444,0.370903
7.272222,0.367037
7.275,0.387747
7.277778,0.374992
7.280556,0.346499
7.283333,0.400308
7.286111,0.358648
7.288889,0.387987
7.291667,0.315151
7.294444,0.391876
7.297222,0.393768
7.3,0.341439
7.302778,0.382231
7.305556,0.346873
7.308333,0.393201
7.311111,0.36313
7.313889,0.295694
7.316667,0.317598
7.319444,0.259207
7.322222,0.291901
7.325,0.306342
7.327778,0.302596
7.330556,0.261213
7.333333,0.244143
7.336111,0.243163
7.338889,0.206597
7.341667,0.221755
7.344444,0.232893
7.347222,0.191834
7.35,0.199625
7.352778,0.137407
7.355556,0.134412
7.358333,0.148354
7.361111,0.1888
7.363889,0.147625
7.366667,0.158957
7.369444,0.099056
7.372222,0.126471
7.375,0.028999
7.377778,0.088319
7.380556,0.001445
7.383333,0.095559
7.386111,0.066223
7.388889,0.081001
7.391667,0.052085
7.394444,0.019351
7.397222,0.006902
7.4,0.030641
7.402778,0.066012
7.405556,0.0353
7.408333,-0.004399
7.411111,-0.009486
7.413889,-0.018375
7.416667,-0.008861
7.419444,-0.012082
7.422222,-0.03296
7.425,-0.029768
7.427778,-0.092906
7.430556,-0.015804
7.433333,-0.076919
7.436111,-0.06069
7.438889,-0.120444
7.441667,-0.154384
7.444444,-0.159422
7.447222,-0.161046
7.45,-0.183885
7.452778,-0.160118
7.455556,-0.062269
7.458333,-0.047335
7.461111,-0.026438
7.463889,0.096378
7.466667,0.176413
7.469444,0.394746
7.472222,0.491507
7.475,0.719376
7.477778,0.83644
7.480556,0.925577
7.483333,0.914332
7.486111,0.86574
7.488889,0.716707
7.491667,0.535622
7.494444,0.382389
7.497222,0.261571
7.5,0.01944
7.502778,-0.060552
7.505556,-0.17716
7.508333,-0.25391
7.511111,-0.222349
7.513889,-0.2549
7.516667,-0.235635
7.519444,-0.251272
7.522222,-0.226941
7.525,-0.227897
7.527778,-0.181139
7.530556,-0.092712
7.533333,-0.185729
7.536111,-0.081832
7.538889,-0.030208
7.541667,-0.035758
7.544444,-0.022297
7.547222,-0.049012
7.55,-0.001179
7.552778,0.003607
7.555556,-0.029664
7.558333,0.024362
7.561111,-0.039193
7.563889,-0.097843
7.566667,-0.02158
7.569444,-0.023018
7.572222,-0.043561
7.575,-0.029865
7.577778,-0.030249
7.580556,-0.067064
7.583333,0.027782
7.586111,-0.006775
7.588889,0.076909
7.591667,-0.001813
7.594444,0.013685
7.597222,-0.040648
7.6,0.039154
7.602778,-0.020812
7.605556,0.032248
7.608333,0.047995
7.611111,0.047426
7.613889,0.003724
7.616667,0.009365
7.619444,0.061388
7.622222,0.079418
7.625,0.092699
7.627778,0.053717
7.630556,0.057129
7.633333,0.120377
7.636111,0.054469
7.638889,0.101581
7.641667,0.075631
7.644444,0.048674
7.647222,0.06465
7.65,0.118842
7.652778,0.11879
7.655556,0.134048
7.658333,0.11571
7.661111,0.118349
7.663889,0.149298
7.666667,0.142453
7.669444,0.106838
7.672222,0.149431
7.675,0.220945
7.677778,0.154038
7.680556,0.200869
7.683333,0.188998
7.686111,0.220626
7.688889,0.179386
7.691667,0.174119
7.694444,0.233031
7.697222,0.20527
7.7,0.232133
7.702778,0.230491
7.705556,0.27567
7.708333,0.260986
7.711111,0.264047
7.713889,0.236949
7.716667,0.225423
7.719444,0.253722
7.722222,0.310219
7.725,0.311972
7.727778,0.31457
7.730556,0.290596
7.733333,0.277276
7.736111,0.347808
7.738889,0.32356
7.741667,0.338545
7.744444,0.298099
7.747222,0.309243
7.75,0.35203
7.752778,0.356975
7.755556,0.306215
7.758333,0.34546
7.761111,0.301401
7.763889,0.371983
7.766667,0.353162
7.769444,0.398386
7.772222,0.371328
7.775,0.301083
7.777778,0.320667
7.780556,0.293365
7.783333,0.303837
7.786111,0.314143
7.788889,0.28073
7.791667,0.272241
7.794444,0.219149
7.797222,0.264935
7.8,0.234981
7.802778,0.241641
7.805556,0.24135
7.808333,0.198216
7.811111,0.205254
7.813889,0.153317
7.816667,0.187001
7.819444,0.145485
7.822222,0.116189
7.825,0.115156
7.827778,0.068115
7.830556,0.080168
7.833333,0.076253
7.836111,0.079878
7.838889,0.067017
7.841667,0.041407
7.844444,0.046726
7.847222,-0.01958
7.85,0.039696
7.852778,0.046758
7.855556,0.047245
7.858333,0.049918
7.861111,0.006026
7.863889,0.004546
7.866667,-0.011984
7.869444,-0.01651
7.872222,-0.002461
7.875,0.030182
7.877778,-0.063994
7.880556,-0.031755
7.883333,-0.012131
7.886111,-0.053848
7.888889,-0.015993
7.891667,-0.074665
7.894444,-0.051175
7.897222,-0.099597
7.9,-0.054636
7.902778,-0.102141
7.905556,-0.078546
7.908333,-0.128056
7.911111,-0.170102
7.913889,-0.174659
7.916667,-0.174894
7.919444,-0.188835
7.922222,-0.197199
7.925,-0.190686
7.927778,-0.158663
7.930556,-0.098247
7.933333,-0.086836
7.936111,0.019921
7.938889,0.072343
7.941667,0.274661
7.944444,0.419385
7.947222,0.571535
7.95,0.734174
7.952778,0.815814
7.955556,0.926295
7.958333,0.894625
7.961111,0.762189
7.963889,0.63365
7.966667,0.475737
7.969444,0.272767
7.972222,0.103854
7.975,-0.060562
7.977778,-0.12315
7.980556,-0.220196
7.983333,-0.237506
7.986111,-0.217843
7.988889,-0.34659
7.991667,-0.292139
7.994444,-0.257246
7.997222,-0.252999
8.0,-0.170739
8.002778,-0.181369
8.005556,-0.09252
8.008333,-0.094064
8.011111,-0.082402
8.013889,-0.078265
8.016667,-0.03928
8.019444,-0.039906
8.022222,-0.003706
8.025,-0.029738
8.027778,-0.007813
8.030556,-0.023483
8.033333,-0.023339
8.036111,-0.077459
8.038889,-0.028989
8.041667,-0.015658
8.044444,-0.059869
8.047222,-0.064319
8.05,-0.029951
8.052778,-0.009777
8.055556,-0.066439
8.058333,-0.003956
8.061111,0.018133
8.063889,-0.01464
8.066667,0.003163
8.069444,0.013305
8.072222,-0.016468
8.075,0.025457
8.077778,0.024483
8.080556,-0.021393
8.083333,0.035247
8.086111,0.05057
8.088889,-0.002512
8.091667,0.060413
8.094444,0.032079
8.097222,0.005667
8.1,0.020436
8.102778,0.030907
8.105556,0.07935
8.108333,0.055332
8.111111,0.064457
8.113889,0.045196
8.116667,0.090213
8.119444,0.059512
8.122222,0.083614
8.125,0.128934
8.127778,0.137756
8.130556,0.109553
8.133333,0.131213
8.136111,0.155977
8.138889,0.147311
8.141667,0.190886
8.144444,0.202356
8.147222,0.167313
8.15,0.140635
8.152778,0.179933
8.155556,0.231738
8.158333,0.232242
8.161111,0.240868
8.163889,0.245683
8.166667,0.203806
8.169444,0.23379
8.172222,0.264221
8.175,0.246002
8.177778,0.270294
8.180556,0.21995
8.183333,0.219331
8.186111,0.321088
8.188889,0.289419
8.191667,0.289949
8.194444,0.320517
8.197222,0.348189
8.2,0.372522
8.202778,0.219585
8.205556,0.307453
8.208333,0.331155
8.211111,0.247318
8.213889,0.255221
8.216667,0.307217
8.219444,0.372671
8.222222,0.347747
8.225,0.387219
8.227778,0.334048
8.230556,0.359933
8.233333,0.375276
8.236111,0.344764
8.238889,0.331168
8.241667,0.335499
8.244444,0.220536
8.247222,0.339394
8.25,0.271646
8.252778,0.299866
8.255556,0.341653
8.258333,0.327573
8.261111,0.249876
8.263889,0.319059
8.266667,0.318335
8.269444,0.293433
8.272222,0.299029
8.275,0.285666
8.277778,0.206984
8.280556,0.240854
8.283333,0.226773
8.286111,0.187346
8.288889,0.210331
8.291667,0.175049
8.294444,0.184757
8.297222,0.149032
8.3,0.194334
8.302778,0.217525
8.305556,0.122128
8.308333,0.129255
8.311111,0.118767
8.313889,0.120121
8.316667,0.091639
8.319444,0.020454
8.322222,0.089123
8.325,0.066293
8.327778,0.03011
8.330556,0.049099
8.333333,0.033143
8.336111,0.049277
8.338889,0.02688
8.341667,0.022785
8.344444,0.029622
8.347222,0.029416
8.35,0.018536
8.352778,0.049663
8.355556,0.018467
8.358333,-0.014938
8.361111,0.057405
8.363889,0.006542
8.366667,0.047593
8.369444,-0.033876
8.372222,0.012335
8.375,0.043859
8.377778,0.025957
8.380556,-0.015586
8.383333,-0.044435
8.386111,-0.056494
8.388889,-0.058812
8.391667,-0.100628
8.394444,-0.114519
8.397222,-0.143512
8.4,-0.163804
8.402778,-0.142769
8.405556,-0.212722
8.408333,-0.155754
8.411111,-0.130804
8.413889,-0.158798
8.416667,-0.122719
8.419444,-0.041825
8.422222,0.031796
8.425,0.16518
8.427778,0.210736
8.430556,0.429049
8.433333,0.646925
8.436111,0.771115
8.438889,0.947588
8.441667,1.022123
8.444444,0.923628
8.447222,0.891496
8.45,0.70828
8.452778,0.505462
8.455556,0.30611
8.458333,0.13478
8.461111,-0.027663
8.463889,-0.111495
8.466667,-0.15094
8.469444,-0.185817
8.472222,-0.25706
8.475,-0.233815
8.477778,-0.225958
8.480556,-0.291805
8.483333,-0.173212
8.486111,-0.201929
8.488889,-0.168717
8.491667,-0.079852
8.494444,-0.028668
8.497222,-0.09049
8.5,-0.065997
8.502778,-0.054292
8.505556,-0.031452
8.508333,-0.019686
8.511111,-0.027756
8.513889,-0.047866
8.516667,0.057376
8.519444,-0.008443
8.522222,-0.014124
8.525,0.037927
8.527778,0.00196
8.530556,0.047747
8.533333,0.041019
8.536111,0.049508
8.538889,0.010404
8.541667,0.044261
8.544444,-0.018605
8.547222,-0.010202
8.55,0.036396
8.552778,0.028596
8.555556,0.081871
8.558333,0.037106
8.561111,-0.003851
8.563889,0.055423
8.566667,0.049156
8.569444,0.06838
8.572222,0.032501
8.575,0.049273
8.577778,0.079763
8.580556,0.105657
8.583333,0.101465
8.586111,0.117628
8.588889,0.057438
8.591667,0.100985
8.594444,0.120478
8.597222,0.149568
8.6,0.135367
8.602778,0.12715
8.605556,0.137907
8.608333,0.146061
8.611111,0.113193
8.613889,0.164431
8.616667,0.195308
8.619444,0.200061
8.622222,0.130413
8.625,0.194008
8.627778,0.156562
8.630556,0.24227
8.633333,0.233317
8.636111,0.246057
8.638889,0.212389
8.641667,0.18187
8.644444,0.216134
8.647222,0.244329
8.65,0.217269
8.652778,0.239366
8.655556,0.329446
8.658333,0.244343
8.661111,0.307425
8.663889,0.241975
8.666667,0.312371
8.669444,0.336743
8.672222,0.331726
8.675,0.361116
8.677778,0.385393
8.680556,0.296507
8.683333,0.352203
8.686111,0.36608
8.688889,0.369282
8.691667,0.410127
8.694444,0.376393
8.697222,0.409567
8.7,0.413236
8.702778,0.38762
8.705556,0.403839
8.708333,0.368143
8.711111,0.403667
8.713889,0.402424
8.716667,0.394019
8.719444,0.385612
8.722222,0.428731
8.725,0.395623
8.727778,0.465602
8.730556,0.433883
8.733333,0.413804
8.736111,0.368956
8.738889,0.407949
8.741667,0.378413
8.744444,0.369284
8.747222,0.325382
8.75,0.366418
8.752778,0.346469
8.755556,0.314466
8.758333,0.296978
8.761111,0.297246
8.763889,0.253711
8.766667,0.264497
8.769444,0.309887
8.772222,0.236491
8.775,0.312701
8.777778,0.190842
8.780556,0.251464
8.783333,0.23939
8.786111,0.23013
8.788889,0.201287
8.791667,0.125262
8.794444,0.197517
8.797222,0.185464
8.8,0.145431
8.802778,0.064772
8.805556,0.159526
8.808333,0.091946
8.811111,0.10433
8.813889,0.14317
8.816667,0.139658
8.819444,0.105689
8.822222,0.072225
8.825,0.135246
8.827778,0.114244
8.830556,0.070918
8.833333,0.042857
8.836111,0.076803
8.838889,0.024312
8.841667,0.11493
8.844444,0.073949
8.847222,0.04476
8.85,0.06399
8.852778,-0.003144
8.855556,0.038759
8.858333,0.013116
8.861111,-0.026509
8.863889,-0.012676
8.866667,-0.00115
8.869444,-0.07527
8.872222,-0.060103
8.875,-0.119066
8.877778,-0.086906
8.880556,-0.157583
8.883333,-0.086636
8.886111,-0.081669
8.888889,-0.05866
8.891667,0.002154
8.894444,0.001204
8.897222,0.069397
8.9,0.18074
8.902778,0.275613
8.905556,0.387727
8.908333,0.580145
8.911111,0.748366
8.913889,0.927431
8.916667,0.980183
8.919444,0.988769
8.922222,0.939881
8.925,0.785862
8.927778,0.658199
8.930556,0.403762
8.933333,0.198125
8.936111,0.115214
8.938889,-0.049512
8.941667,-0.11907
8.944444,-0.137392
8.947222,-0.188451
8.95,-0.180675
8.952778,-0.213671
8.955556,-0.186398
8.958333,-0.133283
8.961111,-0.139411
8.963889,-0.10455
8.966667,-0.064251
8.969444,0.011689
8.972222,0.031058
8.975,0.012331
8.977778,0.021969
8.980556,0.009807
8.983333,0.078548
8.986111,0.056955
8.988889,0.077163
8.991667,0.009636
8.994444,0.078706
8.997222,0.061352
9.0,0.081567
9.002778,0.092051
9.005556,0.063328
9.008333,0.054177
9.011111,0.088298
9.013889,0.03366
9.016667,0.115505
9.019444,0.085739
9.022222,0.044876
9.025,0.120225
9.027778,0.113784
9.030556,0.134469
9.033333,0.122211
9.036111,0.110875
9.038889,0.098969
9.041667,0.072614
9.044444,0.131627
9.047222,0.131503
9.05,0.105917
9.052778,0.141545
9.055556,0.102214
9.058333,0.166388
9.061111,0.144833
9.063889,0.153507
9.066667,0.130311
9.069444,0.186915
9.072222,0.169773
9.075,0.154217
9.077778,0.189843
9.080556,0.178855
9.083333,0.223453
9.086111,0.153642
9.088889,0.172044
9.091667,0.27473
9.094444,0.206541
9.097222,0.243848
9.1,0.2245
9.102778,0.250721
9.105556,0.330796
9.108333,0.200463
9.111111,0.28406
9.113889,0.27723
9.116667,0.284441
9.119444,0.26762
9.122222,0.270651
9.125,0.348127
9.127778,0.330353
9.130556,0.287025
9.133333,0.331103
9.136111,0.298778
9.138889,0.433183
9.141667,0.366092
9.144444,0.308399
9.147222,0.398226
9.15,0.39692
9.152778,0.395074
9.155556,0.398521
9.158333,0.383783
9.161111,0.401636
9.163889,0.353254
9.166667,0.45964
9.169444,0.486632
9.172222,0.446725
9.175,0.454977
9.177778,0.39955
9.180556,0.431129
9.183333,0.403915
9.186111,0.408876
9.188889,0.465219
9.191667,0.491421
9.194444,0.445489
9.197222,0.519789
9.2,0.46653
9.202778,0.36927
9.205556,0.419415
9.208333,0.464209
9.211111,0.422054
9.213889,0.439997
9.216667,0.348552
9.219444,0.427446
9.222222,0.342403
9.225,0.37679
9.227778,0.418288
9.230556,0.344248
9.233333,0.32228
9.236111,0.339372
9.238889,0.27835
9.241667,0.26179
9.244444,0.307036
9.247222,0.22
9.25,0.215117
9.252778,0.293476
9.255556,0.191126
9.258333,0.230909
9.261111,0.240104
9.263889,0.194671
9.266667,0.154611
9.269444,0.202088
9.272222,0.140319
9.275,0.223887
9.277778,0.219116
9.280556,0.114028
9.283333,0.155597
9.286111,0.110401
9.288889,0.137005
9.291667,0.112298
9.294444,0.085109
9.297222,0.125257
9.3,0.05535
9.302778,0.110117
9.305556,0.09191
9.308333,0.068967
9.311111,0.11563
9.313889,0.085154
9.316667,0.068183
9.319444,0.067062
9.322222,0.056713
9.325,0.080323
9.327778,0.029027
9.330556,-0.067375
9.333333,-0.094411
9.336111,-0.055032
9.338889,-0.083422
9.341667,-0.073347
9.344444,-0.120262
9.347222,-0.110321
9.35,-0.043354
9.352778,-0.109479
9.355556,-0.016861
9.358333,-0.003601
9.361111,0.101911
9.363889,0.177793
9.366667,0.270497
9.369444,0.448718
9.372222,0.59163
9.375,0.722614
9.377778,0.919613
9.380556,1.016545
9.383333,1.021819
9.386111,0.976998
9.388889,0.829519
9.391667,0.678249
9.394444,0.467335
9.397222,0.244013
9.4,0.123253
9.402778,0.054595
9.405556,-0.058137
9.408333,-0.096398
9.411111,-0.174786
9.413889,-0.200151
9.416667,-0.217426
9.419444,-0.166454
9.422222,-0.11752
9.425,-0.095754
9.427778,-0.067942
9.430556,-0.075863
9.433333,-0.029961
9.436111,-0.032826
9.438889,0.034843
9.441667,0.043248
9.444444,0.017483
9.447222,0.048789
9.45,-0.017309
9.452778,0.076238
9.455556,0.033397
9.458333,0.049229
9.461111,0.080381
9.463889,0.084241
9.466667,0.045308
9.469444,0.115133
9.472222,0.129817
9.475,0.114544
9.477778,0.112453
9.480556,0.076915
9.483333,0.119455
9.486111,0.05368
9.488889,0.049376
9.491667,0.090581
9.494444,0.096487
9.497222,0.066066
9.5,0.149095
9.502778,0.055162
9.505556,0.040793
9.508333,0.094963
9.511111,0.160683
9.513889,0.138365
9.516667,0.130992
9.519444,0.129593
9.522222,0.147488
9.525,0.145529
9.527778,0.14441
9.530556,0.143406
9.533333,0.104739
9.536111,0.188293
9.538889,0.152477
9.541667,0.18321
9.544444,0.193294
9.547222,0.216457
9.55,0.168462
9.552778,0.224098
9.555556,0.232147
9.558333,0.21061
9.561111,0.219811
9.563889,0.2334
9.566667,0.2058
9.569444,0.230653
9.572222,0.218055
9.575,0.29591
9.577778,0.244723
9.580556,0.244111
9.583333,0.289205
9.586111,0.309014
9.588889,0.290094
9.591667,0.281
9.594444,0.330708
9.597222,0.3522
9.6,0.28594
9.602778,0.37098
9.605556,0.29893
9.608333,0.380574
9.611111,0.355945
9.613889,0.369849
9.616667,0.407144
9.619444,0.436759
9.622222,0.463672
9.625,0.449256
9.627778,0.435449
9.630556,0.380757
9.633333,0.414291
9.636111,0.435262
9.638889,0.417314
9.641667,0.45602
9.644444,0.433375
9.647222,0.495717
9.65,0.436562
9.652778,0.403068
9.655556,0.42369
9.658333,0.414297
9.661111,0.452831
9.663889,0.468149
9.666667,0.45022
9.669444,0.442763
9.672222,0.38287
9.675,0.36086
9.677778,0.359701
9.680556,0.373842
9.683333,0.350903
9.686111,0.357733
9.688889,0.367403
9.691667,0.326305
9.694444,0.362015
9.697222,0.274494
9.7,0.303694
9.702778,0.269839
9.705556,0.289012
9.708333,0.24512
9.711111,0.217813
9.713889,0.218014
9.716667,0.183734
9.719444,0.165987
9.722222,0.212267
9.725,0.159806
9.727778,0.204547
9.730556,0.234259
9.733333,0.138635
9.736111,0.167712
9.738889,0.131168
9.741667,0.069183
9.744444,0.1161
9.747222,0.156629
9.75,0.069419
9.752778,0.094978
9.755556,0.089006
9.758333,0.045441
9.761111,0.093374
9.763889,0.074566
9.766667,0.09151
9.769444,0.070613
9.772222,0.02095
9.775,0.06089
9.777778,0.067544
9.780556,0.030715
9.783333,0.041683
9.786111,0.02447
9.788889,-0.076631
9.791667,-0.015595
9.794444,-0.118583
9.797222,-0.118523
9.8,-0.10186
9.802778,-0.138865
9.805556,-0.136702
9.808333,-0.07179
9.811111,-0.118225
9.813889,-0.017185
9.816667,0.05294
9.819444,0.113642
9.822222,0.139518
9.825,0.258325
9.827778,0.464916
9.830556,0.699221
9.833333,0.792697
9.836111,0.908912
9.838889,0.985948
9.841667,0.997834
9.844444,0.91911
9.847222,0.730275
9.85,0.539453
9.852778,0.366278
9.855556,0.177147
9.858333,0.02006
9.861111,-0.128851
9.863889,-0.146762
9.866667,-0.214703
9.869444,-0.226951
9.872222,-0.234207
9.875,-0.243607
9.877778,-0.181836
9.880556,-0.141054
9.883333,-0.128199
9.886111,-0.133717
9.888889,-0.080368
9.891667,-0.038988
9.894444,-0.041556
9.897222,-0.000237
9.9,-0.050502
9.902778,-0.004836
9.905556,0.051775
9.908333,0.043415
9.911111,0.013068
9.913889,0.023036
9.916667,0.085983
9.919444,0.055791
9.922222,0.003411
9.925,0.03536
9.927778,0.013938
9.930556,0.011622
9.933333,-0.005103
9.936111,0.054627
9.938889,0.102044
9.941667,0.063489
9.944444,0.000932
9.947222,0.058746
9.95,0.001842
9.952778,0.055467
9.955556,0.083595
9.958333,0.099833
9.961111,0.062745
9.963889,0.072606
9.966667,0.067353
9.969444,0.066107
9.972222,0.122581
9.975,0.051773
9.977778,0.037427
9.980556,0.142871
9.983333,0.163565
9.986111,0.053182
9.988889,0.134825
9.991667,0.136745
9.994444,0.105933
9.997222,0.096049
